名称,届次,简介,参赛对象,参赛形式,最少人数,最多人数,报名截止,提交截止,报名入口,来源
中国国际大学生创新大赛（2026）,2026届,以创新项目参赛，需按具体赛道准备项目材料，报名使用全国大学生创业服务网。,,,,,,,,https://cxcy.cczu.edu.cn/2026/0810/c6900a420359/page.htm
“挑战杯”中国大学生创业计划竞赛,2026年第十五届,围绕创业项目准备商业计划、项目展示及答辩材料。,,,,,,,,https://www.tiaozhanbei.net/?ID=2
中国青年科技创新“揭榜挂帅”擂台赛,2026年度,根据具体榜题形成技术解决方案。,,,,,,,,https://youth.cau.edu.cn/art/2026/5/15/art_45078_1113491.html
iCAN大学生创新创业大赛,2026第二十届,有创新、创业及挑战赛道；创新赛道强调可演示的原创产品，并要求匿名材料。,,,,,,,,https://seie.hit.edu.cn/2026/0414/c9232a389941/page.htm
全国大学生创新年会,2026第十九届,围绕国创项目开展论文交流、改革成果展示和创业项目推介。,,,,,,,,https://www.gjcxcy.cn/PublicColumn/Notice/ea09170e-3609-4ca3-9b9d-aaa79fc04d68
全国大学生工程实践与创新能力大赛,2027年·第十届,以工程实物和仿真任务为主，按工程实践、智能工程和虚拟仿真方向分别备赛。,,,,,,,,https://gcxl.dlut.edu.cn/new/ | https://pec.xjtu.edu.cn/info/1191/5402.htm
中国大学生机械工程创新创意大赛-智能制造赛,2026第九届,面向产线开发、应用、运维与管控等智能制造任务。,,,,,,,,https://cmee.upc.edu.cn/2026/0329/c21211a486315/page.htm
“西门子杯”中国智能制造挑战赛,2026第二十届,按工业自动化、网络化、数字孪生及创新研发等具体赛项参加。,,,,,,,,https://www.siemenscup-cimc.org.cn/notice/NoticeDetail?id=2431 | https://www.siemenscup-cimc.org.cn/competition/index
大学生新一代信息通信科技大赛,2026第十三届，简称信科赛，原大唐杯,按通信相关赛道组队，官方学习平台账号由报名流程开通。,,,,,,,,https://xk.qust.edu.cn/info/1047/5814.htm
华为ICT大赛,2025—2026赛季·第十届,实践、创新、编程等方向有不同考核和作品要求，应先确定赛道。,,,,,,,,https://www.huawei.com/minisite/ict-competition-2025-2026-global/cn/
全国大学生嵌入式芯片与系统设计竞赛,2026第九届应用赛道,使用嵌入式芯片与开发平台完成系统作品，准备报告和演示视频。,,,,,,,,https://www.socchina.net/details?id=9e287fdec96946ecb378ebe4297db8bb&value=2
全国大学生智能汽车竞赛,2026第二十一届,围绕车模控制、感知和规定任务进行工程设计与调试。,,,,,,,,https://www.sues.edu.cn/85/1b/c26790a296219/page.htm
全球校园人工智能算法精英大赛·AI+开源,2026第八届·AI+开源主题赛,基于AI技术制作可运行作品或算法成果，需用演示、报告和测试说明自主贡献。,面向具有正式学籍的在读专科生、本科生及研究生。队员须来自同一学校，分校及跨校组队不符合要求。,team,1,3,2026-10-15,2026-10-15,https://www.aicomp.cn/,https://www.aicomp.cn/tracks/tracks-5/4924.html
睿抗机器人开发者大赛（RAICOM）,2026届,有工程创客、设计、算法及机器人竞技等方向，应按具体赛项选择硬件和算法。,,,,,,,,https://jwc.ustb.edu.cn/tztg/7a4552245dcb452b987023876778037b.htm
中国高校智能机器人创意大赛,2026第九届,主题赛包含家用智能机器人创意等内容，专项及产教融合赛另有要求。,,,,,,,,https://kzgc.neuq.edu.cn/info/1081/5715.htm
中国机器人大赛暨RoboCup机器人世界杯中国赛,2026年,涵盖足球、救援、服务及其他机器人任务，各赛项分别规定平台与测试要求。,,,,,,,,https://rcccaa.drct-caa.org.cn/
SAMPE 2026 Student Bridge Contest,2026年Student Bridge,参赛学生设计、制造和测试复合材料桥梁，并展示设计与制造过程。,,,,,,,,https://www.sampeamerica.org/student-bridge-competition
第十八届SAMPE国际超轻复合材料桥梁/机翼学生竞赛,2026第十八届已举办,赛事围绕复合材料机翼与桥梁的设计、成型制作及性能测试，另评技术展示。,,,,,,,,https://www.tiangong.edu.cn/2026/0617/c634a115872/pagem.htm
全国大学生化工设计竞赛,2026第二十届,竞赛要求完成化工工程设计，官方提供任务书和图纸、设计文档等评价要求。,,,,,,,,https://iche.zju.edu.cn/
全国大学生化工实验大赛,2026第九届,赛事面向化工与制药等相关专业，主赛采用学校推选、分区赛和全国总决赛；制药赛道包含知识考核、数字模拟和实验操作。,,,,,,,,https://hgxy.hfut.edu.cn/_upload/article/files/2a/a3/90f6475b45d3a88778a739e48679/48601720-aee0-42d4-beb5-535c3023d396.pdf
上海大学生化学实验竞赛暨实验创新设计竟赛,2026第二十届上海赛,上海市教委主办、上海大学承办，包含化学实验与实验创新设计。,,,,,,,,https://chemlab.shu.edu.cn/info/1004/4152.htm
全国大学生能源经济学术创意大赛,第十二届为2025—2026赛季,能源经济主题竞赛，创意作品包括研究与实践成果；按校赛、区域赛、全国赛逐级选拔。,,,,,,,,https://ieep.upc.edu.cn/2025/1010/c15488a473002/page.htm
全国三维数字化创新设计大赛,2026第十九届,赛事围绕三维数字化创新设计，既有开放创新也有具身智能、制造等产业应用赛项。,,,,,,,,https://3dds.3ddl.net/index.php?ctl=Informationlist&id=696&met=details
一带一路暨金砖国家技能发展与技术创新大赛,2026第十届含多个独立赛项,金砖系列赛事包含技能发展和技术创新方向，各赛项分别规定对象、提交材料及评价方式。,,,,,,,,https://www.cdcm.uestc.edu.cn/info/1055/1865.htm
第二十五届全国大学生机器人大赛ROBOMASTER,RoboMaster 2026高校赛,队伍自主研发多种机器人进行对抗，综合机械、嵌入式控制、视觉和自主导航。,,,,,,,,https://www.robomaster.com/zh-CN/robo/rm?type=rm-process
第十二届全国大学生机械创新设计大赛,第十二届分2026常规赛与2027数字孪生挑战赛,赛事要求围绕指定主题进行机械创新设计，实物性能与设计资料按正式规则评审。,,,,,,,,https://12umic.hit.edu.cn/2025/0321/c20012a364782/page.htm
第十九届全国大学生先进成图技术与产品信息建模创新大赛,2026第十九届,赛事考查工程成图、产品信息建模等能力，不同专业和开放赛道要求不同。,,,,,,,,https://zhxy.nwsuaf.edu.cn/docs/2026-03/771f859d3f8d43e18ae9d8c155891444.pdf
全国大学生节能减排社会实践与科技竞赛,2026年·第十九届,围绕节能减排开展科技创新和社会实践；官网提供章程、赛况和历届作品。,,,,,,,,https://www.jienengjianpai.org/
中国大学生机械工程创新创意大赛-工业工程与精益管理创新赛,2026年,以实际应用的工业工程或精益管理案例参赛，需说明问题、方法和应用效果。,,,,,,,,https://www.cmes.org/notice/010c5f85554e440e99d702008b58a26f.html
中国大学生机械工程创新创意大赛-机械产品数字化设计赛,2026年·第十五届,机械产品数字化设计赛分数字设计与数字孪生类别，以机械产品方案、数字模型及相关分析材料展示设计能力。,,,,,,,,https://www.cmes.org/notice/010c5f85554e440e99d702008b58a26f.html | https://cmee.upc.edu.cn/2026/0412/c21211a487505/page.htm
中国大学生机械工程创新创意大赛-物流技术创意赛,2026年,要求设计制作能够识别散料、自动装卸和转运的机器人，涉及结构设计、识别、路径规划与自主移动。,,,,,,,,https://www.cmes.org/notice/010c5f85554e440e99d702008b58a26f.html | https://notice.ysu.edu.cn/info/2264/25623.htm
“中国软件杯”大学生软件设计大赛,2026年·第十五届,软件杯采用企业命题与软件实现；A8要求依托MWORKS完成四旋翼控制设计、仿真及性能比较。,,,,,,,,https://mohub.net/competition/5/detail
ACM-ICPC国际大学生程序设计竞赛,2026—2027赛季·第51届,ICPC以程序设计与算法解题为核心；北京总部公布2026 Asia EC预选及各区域站通知,,,,,,,,https://icpc.pku.edu.cn/tzgg/12450f30353743ccaa302be16a7a1d85.htm | https://icpc.pku.edu.cn/tzgg/
百度之星·程序设计大赛,2026年·第二十二届,百度之星是个人程序设计竞赛，利用程序解决挑战性算法问题,,,,,,,,https://jwc.ynu.edu.cn/info/1009/4331.htm
全国大学生计算机系统能力大赛,2026赛事包含不同赛项,计算机系统能力大赛考查系统实现能力；操作系统赛包含内核实现与功能挑战方向，CPU设计赛考查处理器设计。,,,,,,,,https://github.com/oscomp
全国大学生信息安全与对抗技术竞赛,2026年·第23届,ISCC的信息安全对抗比赛包含破阵夺旗、无限擂台和数据安全赛，2026年按河南、上海、综合区域组织区域赛。,,,,,,,,https://www.isclab.org.cn/2026/04/21/2026年第23届信息安全与对抗技术竞赛通知【更新版】/
中国大学生服务外包创新创业大赛,2026年·第17届,第17届设置企业命题与多类任务，覆盖智能计算、机器人、文档理解等应用,,,,,,,,https://www.fwwb.org.cn/
中国大学生计算机设计大赛,2026年·第19届,2026年大赛分11个作品大类，面向在籍本科生，经校赛、省赛推选参加国赛。,,,,,,,,https://jsjds.blcu.edu.cn/gyds1/csyq.htm
2026同济大学国际建造节,2026活动已于6月6—7日举行,赛事以设计—建造一体化为核心，2026年在上海复兴岛举行，以竹竿与纸板围绕“你所定义的家”进行限时建造。,,,,,,,,https://caup.tongji.edu.cn/a2/c8/c33362a369352/page.htm
UIA-霍普杯国际大学生建筑设计竞赛,2026年,2026年题目为“何以栖居——城市、郊区与乡村”，关注社区关系、场所归属和可持续居住。参赛作品采用匿名图纸及视频展示。,,,,,,,,https://hypcup.uedmagazine.net/index.php?a=index&c=Lists&m=home&tid=39
WUPENICITY城市设计学生作业国际竞赛,2026主题“美好生活HAI家园”,2026年主题“美好生活HAI家园”关注AI与人的创造力协同，涵盖交通出行、居住、公共空间和文脉延续等城市设计场景。,,,,,,,,https://news.hqu.edu.cn/info/1019/435542.htm
全国大学生花园设计建造竞赛,2026年·社区花园赛道,2026社区花园主题为共同关切，强调真实社区需求、可持续材料、参与式营造及至少7天自主运维；接受相关专业本科生和研究生团队。,,,,,,,,https://landscape-caup.tongji.edu.cn/c8/f4/c10586a379124/page.htm
全国数字建筑创新应用大赛,2026年,2026大赛由中国建设教育协会主办，设BIM数维建模、数字施工项目管理、工程计量计价等赛项，面向建筑相关专业在籍学生。,,,,,,,,https://www.ccen.com.cn/info/1150/5937.htm
亚洲建筑师协会学生设计竞赛,2026年,ARCASIA学生设计竞赛面向建筑设计创作，可结合历届学生作品研究建筑方案与图面表达。,,,,,,,,https://arcasia.org/arcasia-student-design-competition/
第十届全国高校智能交通创新与创业大赛,2026年·第十届,赛事围绕交通运输领域开展科技创新，以项目作品说明技术方案及其成果。,,,,,,,,https://www.itsnet.cn/cd/185.html
全国大学生市场调查与分析大赛,2026—2027赛季·第十七届,第十七届备赛涉及个人知识学习和团队市场调查实践。,,,,,,,,https://jwc.nbu.edu.cn/info/1126/18026.htm
日本大学生电动方程式汽车大赛（2026）,2026年·第24届,Formula SAE Japan由学生车队设计和制造赛车，分别设置电动与内燃机类别，车辆须满足赛事通用技术规则及日本赛的补充规则。,,,,,,,,https://en.jsae.or.jp/formula/fsaej/official_announce/
红点设计大奖（Red Dot Design Award）,赛事分类,红点奖设产品设计、品牌与传达设计、设计概念三个独立赛事。Design Concept面向设计概念，Product Design面向已销售或近期量产的产品。,,,,,,,,https://www.red-dot.org/award | https://www.red-dot.org/pd/faq
两岸新锐设计竞赛华灿奖,2026—2027赛季,赛事设创意与定向主题两条赛道。创意赛道覆盖六个设计领域，定向赛道有16个主题。,,,,,,,,https://cxcyxy.cdu.edu.cn/info/1019/4390.htm
未来设计师·全国高校数字艺术设计大赛,2026年·第14届,赛事设非命题、产教融合与创新创业、公益、实践挑战等赛道，作品涵盖数字媒体、交互与产品设计等类别。,,,,,,,,https://www.ncda.org.cn/dsjs/dssz/
中美青年创客大赛,2026年,以社会和技术问题为起点制作可演示原型，官方要求展示设计、验证和迭代过程，并允许采用有合法来源的开源技术。,,,,,,,,https://chinaus-maker.cscse.edu.cn/chinaus-maker/gyds/csyq22/index.html
全国大学生生命科学竞赛（科学探究类）,2025—2026赛季·第十一届,围绕生命科学问题开展自主实验或野外调查，形成综述、实验设计、过程记录和论文；评审重视真实过程与结果形成依据。,,,,,,,,https://sky.yangtzeu.edu.cn/__local/E/24/1B/85D922800D61F0CC331CE340B1D_93B0E90E_977FA.pdf
全国大学生数学建模竞赛(2026),2026年,以实际问题为背景进行数学建模、计算和论文表达，参赛者通过模型假设、求解与检验形成论文。,,,,,,,,https://www.mcm.edu.cn/
美国ASCE大学生土木工程竞赛,2027年,ASCE学生锦标赛包括混凝土独木舟、可持续方案和测量等土木工程项目，各项目分别设定任务。,,,,,,,,https://www.asce.org/communities/student-members/conferences/asce-civil-engineering-student-championships
全国大学生结构设计竞赛,2026年·第十九届,2026年题目为《勒勒车模型结构设计与制作》，参赛训练包括结构方案、力学计算、模型制作及加载测试。,,,,,,,,https://cxxy.lntu.edu.cn/info/1134/4785.htm
全国高校BIM毕业设计创新大赛,2022—2023赛季·第九届,赛事围绕BIM项目案例成果组织毕业设计,,,,,,,,https://gxbsxs-9.glodonedu.com/workcompety
“外研社·国才杯”“理解当代中国”全国大学生外语能力大赛（英语组）,2026年,英语组设国际传播综合能力与笔译等赛项。,,,,,,,,https://ucc.fltrp.com/c/2026-03-27/541272.shtml | https://ucc.fltrp.com/c/2026-03-27/541273.shtml
第31届“21世纪杯”全国英语演讲比赛,2026第31届,赛事由21世纪报社主办，设置青年组和大学组，评分包含内容、表达和综合印象。,,,,,,,,https://contest.i21st.cn/college/article/6990.html
第九届“外教社杯”全国高校学生跨文化能力大赛,第九届,赛事考查跨文化交际能力，训练跨文化情境分析、沟通表达与团队协作。,,,,,,,,https://ictvd.oss-cn-beijing.aliyuncs.com/uploadfile/2026/0401/20260401041236519.pdf
全国大学生英语竞赛,2026年,全国大学生英语竞赛按学习层次和专业分组,,,,,,,,https://bksy.cug.edu.cn/info/1504/18594.htm | https://flc.zjnu.edu.cn/2025/1222/c19548a541375/page.htm
全国大学生光电设计竞赛,2026年·第十四届,中国光学学会主办的光电类竞赛，2026年设创意设计、光学设计两个赛道；光学设计赛道按指定题目完成设计报告。,,,,,,,,https://wdy.nuist.edu.cn/_upload/article/files/e8/cb/f2ed60c748e28c0254c5523a259e/1033eff1-a5c0-49c4-badb-991b00bf2633.pdf | https://wdy.nuist.edu.cn/_upload/article/files/e8/cb/f2ed60c748e28c0254c5523a259e/a507a594-be6c-49c3-8c08-6c356e178e6e.pdf
全国大学生物理实验竞赛（创新）（2026）,2026第十二届,赛事包括命题创新、自选课题和实验讲课等类别，要求完成可展示的物理实验或教学作品，并提交相应研究与展示材料。,,,,,,,,https://jwc.ustb.edu.cn/docs/2026-03/ce7f8929264847f5b89a67e54d9117c5.pdf
第三届全国大学生职业规划大赛,2025—2026赛季·第三届,教育部与天津市人民政府共同主办，学生分成长和就业赛道；两条赛道的展示目标、参赛材料和评价重点不同。,,,,,,,,https://hudong.moe.gov.cn/srcsite/A15/s7063/202510/t20251021_1417550.html
全国大学生医学创新大赛暨“一带一路”国际竞赛,2026第十二届,医学创新赛事设置实验设计和创新研究等作品类别，参赛者围绕所选学科准备研究说明与展示材料。,,,,,,,,https://jwc.njucm.edu.cn/_upload/article/files/55/1e/2dc96cc0439cbb1e00e19c2efd1d/bc70b9e0-1159-4e6e-a50d-da41780dc199.pdf
大学生数字媒体科技作品及创意竞赛,2026年·第十四届,赛事面向数字媒体技术与创意作品，涵盖人工智能、虚拟现实、交互、数字艺术等方向。,,,,,,,,https://www.cmit.cn/html/tongzhigonggao/show-144-45826-1.html
第八届中华经典诵写讲大赛“诵读中国”经典诵读大赛,2026年第八届,使用2026年新录制视频：3—6分钟、MP4、1920×1080横屏、700MB以内，同期声；不得后期配音或音频加工。,大学生组包含在校研究生，职业学校学生及在华留学生分组参赛。学生参赛者不得跨组别组队。,both,2,20,,,,http://www.moe.gov.cn/srcsite/A18/s3137/202605/W020260528387299680335.docx
米兰设计周-中国高校设计学科师生优秀作品展及专项赛,2026年第十届,学生作品覆盖本科、研究生、高职等不同单元，毕业5年内学生也在列；教师与设计师另有单元。,,,,,,,,https://www.gzcc.edu.cn/sjjxzx/upload/files/2025/11/4be560d9fc410536.pdf
全国大学生广告艺术大赛·常规类别,2026年第十八届,作品经学校、赛区、全国三级评选；全国不受理个人直接报送；不可一稿多投，作品须匿名原创。,全日制在校大学生和研究生可参加，包括港澳台籍学生和外籍留学生。允许同校跨专业组队，禁止跨校、跨赛区组队。,,,,2026-06-12,2026-06-12,,https://www.sun-ada.net/home/about_intrs2.html
中国好创意暨全国数字艺术设计大赛,2025年第十九届,2026年为第二十届中国好创意暨全国数字艺术设计大赛。,在校学生可个人或团队投稿；教师另列。学生23类作品按二级学院报送，每类最多20件，论文每人仅1篇。,,,,,,,https://storage.cdec.org.cn/hcy/2024/11/20241106104540586-vqn8.pdf
中国好创意暨全国数字艺术设计大赛,第二十届（2025—2026赛季）,2026年为第二十届中国好创意暨全国数字艺术设计大赛。,,,,,,,,https://jwc.cugb.edu.cn/c/2026-03-18/845660.shtml | https://www.lncu.edu.cn/cxcyxy/28241.html
全国大学生微结构摄影大赛（上海赛区）,2022年第七届,全国高校及科研院所全日制本科、硕博及留学生，个人或团队（一般不超过3人）；每人作为第一负责人仅提交一份作品，原图最多派生两幅。,全国高校及科研院所全日制本科、硕博及留学生，个人或团队（一般不超过3人）；每人作为第一负责人仅提交一份作品，原图最多派生两幅。,,,,,,,https://ccbm.ecut.edu.cn/8d/fa/c7122a101882/page.htm
国际大学生新材料创新创意大赛,2026年第十三届,全日制本科、硕士、博士学生按团队最高学历分组；3—5人，每人限1队1作品，教师不超过3人。,全日制本科、硕士、博士学生按团队最高学历分组；3—5人，每人限1队1作品，教师不超过3人。,,3,5,,,,https://chxy.usst.edu.cn/2026/0717/c17378a368877/page.htm | https://chxy.usst.edu.cn/2026/0821/c17378a369648/page.htm
VEX机器人亚洲公开赛,2025—2026赛季 VEX U 亚洲公开赛（2025年12月）,高校组VEX U赛事2025年12月18—21日在北京首钢举办；属2025—2026赛季，有条件取得2026世锦赛晋级名额。,,,,,,,,https://events.vex.com/robot-competitions/college-competition/RE-VURC-25-0707.html
高校电气电子工程创新大赛,2026年第五届,在校学生以本科生为主，研究生人数不超过队员三分之一；每人只能参加1队，指导教师至多2人。,在校学生以本科生为主，研究生人数不超过队员三分之一；每人只能参加1队，指导教师至多2人。,,,,,,,https://eeeic.ces.org.cn/AboutCompetition/A2-6 | https://www.ces.org.cn/html/report/26062783-1.htm | https://eeeic.ces.org.cn/Index
国际青年人工智能大赛,2026年第八届,全日制专科、本科及研究生，个人或同校团队不超过3人，教师至多2人；学生至多报名2个不同项目，禁止跨校。,全日制专科、本科及研究生，个人或同校团队不超过3人，教师至多2人；学生至多报名2个不同项目，禁止跨校。,,,3,,,,https://24391852.s21i.faiusr.com/61/ABUIABA9GAAggtvH1QYozKy96gQ.pdf
国际先进机器人及仿真技术大赛,2026年第十九届,机器鱼个人赛有障碍竞速、水球2V2；部分AI个人赛需要提交生成过程与对话记录。,,,,,,,,https://cxcy.jsu.edu.cn/cxcysj/ss/xkjs/a9a8876774c0411a824b731b5ed5f98e.htm
全国大学生电子设计竞赛嵌入式AI专题赛（英特尔杯）,2026年第十三届英特尔杯嵌入式AI专题赛,学校报名1月20日截止；初选方案3月25日，作品6月30日；报告邮寄7月1日以邮戳为准。,参赛学生在竞赛期间须为普通高校全日制在校本科生；学校须取得邀请或分区批准的参赛资格。,team,3,3,,,,https://www.nuedc-training.com.cn/index/news/details/new_id/344
全国大学生电子设计竞赛信息科技前沿专题赛（瑞萨杯）,2026年瑞萨杯信息科技前沿专题赛,主题瑞萨MCU助力新兴产业和未来产业；初选RA6M5、决赛RA8P1，不得任意替换平台。,报名、竞赛和评审期间须为普通高校全日制在校本科生；参赛学校须具备分区初选资格或完成分区及组委会审批。,team,3,3,,,,https://www.nuedc-training.com.cn/index/news/details/new_id/342
全球人工智能技术创新大赛,2024年算法挑战赛,面向高校学生（含专科本科研究生）、科研与企业人员；两个赛道是无人机双光目标检测及人群计数。,面向高校学生（含专科本科研究生）、科研与企业人员；两个赛道是无人机双光目标检测及人群计数。,,,,,,,https://blog.heywhale.com/gaiic2024/
智能无人系统应用挑战赛,2026年第六届,面向高校学生与企事业科研团队，年龄地域不限，成果须自主知识产权及科研诚信；人数按赛项。,面向高校学生与企事业科研团队，年龄地域不限，成果须自主知识产权及科研诚信；人数按赛项。,,,,,,,https://files.sciconf.cn/gs_pdf/2026/08/17/20260817142749143335.pdf
中国智能机器人格斗及竞技大赛,2026年第十届,全国高校本科、专科/高职，以二级学院报名；每支队4名学生、最多2名教师。,,,4,4,,,,http://www.robo-maker.org/new/announcement/115.html
FDI模拟投资仲裁竞赛（FDI Moot）,2026年FDI Moot,本赛事模拟投资仲裁，含申请人与被申请人英文书状及口头辩论；地区选拔与全球阶段分别安排。,,,,,,,,https://fdimoot.org/Rules.pdf | https://fdiscia.lexmoot.com/newmoot?entype=Rules&name=name1
国际公法模拟法庭竞赛（Phillip C. Jessup）,2026年Philip C. Jessup国际法模拟法庭,每队2—5名学生，至多5名顾问；法律、国际法相关或国际关系学生须具备国际法训练，已执业等资格限制详Rule2.3—2.4。,,team,2,5,,,,https://www.ilsa.org/History/Jessup%202026/Rules.pdf | https://www.ilsa.org/jessup-history/jessup-2026/
国际商事模拟仲裁庭辩论赛（Vis Moot）,2026年第33届Vis Moot,比赛英文进行，提交双方书状并口辩；Vienna与Vis East是独立报名和独立获奖赛事。,,,,,,,,https://www.vismoot.org/wp-content/uploads/2025/08/33rd-Vis-Moot-Rules_FINAL.pdf
国际刑事法院模拟法庭竞赛（ICC）,2026年第十三届IBA ICCMCC,3名口辩选手，可另加2名研究员及2名教练；学生人数3—5，7人总数含教练。,在读本科、硕士或JD，交换生可代表所在高校，非法学学生需足够法律知识；已取得执业准入（含通过律师考试）者不能作为选手。,team,3,5,,,,https://iccmoot.com/wp-content/uploads/2025/08/ROPs-IBA-ICCMCC-2026.pdf
红十字国际人道法模拟法庭比赛,2025年第十九届中国国际人道法模拟法庭,中国境内高校学生，法学第一学位或博士以下研究生；执业律师、大学教师和博士研究生不能参加，境内高校的外国学生可参加。,,,,,,,,https://www.icrc.org/sites/default/files/2025-06/2025_china_IHL_Moot_Court_Rules-final.pdf
全国法律英语大赛,2026年第十五届全国法律英语大赛,第十五届全国法律英语大赛以英语表达法律观点，按华东赛区安排参赛。,,,,,,,,https://law.tongji.edu.cn/info/1355/8537.htm
全国大学生地球物理知识竞赛,2019年第五届,第5届于2019年8月24—25日举行，固体、地震测井、重磁电三个专业方向,,,,,,,,https://ch3.whu.edu.cn/document/ueditor/file/20190711/1562805942854086571.pdf
全国大学生地质技能竞赛（2026）,2026年第八届,2026年8月26—28日在西南石油大学成都举办，领队团体账户注册8月15日截止，学生由高校领队代注册缴费。,,team,3,3,,,,https://www.geosociety.org.cn/upload/pdf/notice/20260706173639_29.pdf
全国大学生海洋知识竞赛,第十五届（2025—2026届）,本届从2025年6月至2026年4月，主题保护海洋、人与自然和谐共生,,,,,,,,https://www.hunan.gov.cn/zqt/zcsd/202506/t20250611_33706249.html
全国大学生海洋知识竞赛,第十四届,大学生通过高校、地区、海军院校三个渠道选拔参加总决赛，本专科学生与公众分组参与。,,,,,,,,https://pnr.sz.gov.cn/xxgk/gggs/content/post_11011760.html
CCE杯全国大学生复合材料设计与制作大赛（原上纬杯）,2026年“CCE”杯第十一届,赛事本届称CCE杯,,team,3,5,,,,https://www.chinacompositesexpo.com/cn/news-detail-128-17488.html | https://www.chinacompositesexpo.com/upload/ckfinder/files/Z_20260617c191115_g684.pdf
国际空间科学与载荷大赛,2025年ISSSP,高校组围绕载荷设计开展方案评比。,,,,,,,,https://isssp.bit.edu.cn/en/upload/files/2025-04-22/2025%20ISSSP%20Guideline.pdf
2026国际空间科学与载荷大赛,2026年ISSSP,高校及科研机构在读专科、本科、硕博以团队参赛，中学组另列。,,,,,,,,https://aao.nuaa.edu.cn/_upload/article/files/c2/3f/75fcfd92431abb3f4392fbbb5488/225639e1-81d4-48d3-8fe6-8410a9b3f4f7.docx
全国航空航天类专业本科毕业设计成果交流会,2026年第七届航空航天本科毕设成果交流会,面向2026届航空航天类相关13个专业本科毕业生，各学院每专业最多推荐3个作品；由学院统一报名。,面向2026届航空航天类相关13个专业本科毕业生，各学院每专业最多推荐3个作品；由学院统一报名。,,,,,,,https://aero.nuaa.edu.cn/_upload/article/files/1e/f4/5617aa0a4e6f916ba9b23f5f9246/da998135-7e4e-4c7e-b578-2a22fc47ec9d.pdf
2026中国大学生飞行器设计创新大赛,2026年中国大学生飞行器设计创新大赛,普通高校每校1个参赛单位；在籍学生或比赛年度应届毕业生可参加，特定联合组队需学校同意函。,,team,,,,,,https://www.cuadc.cn/upload/20260508155652f.pdf
第七届力学超材料大赛,2026年第七届超材料力学大赛,全国在校本科与研究生均可个人或团队参赛，一般不超过5人、教师一般不超过2人，鼓励跨校；初评后不得改作品和成员。,全国在校本科与研究生均可个人或团队参赛，一般不超过5人、教师一般不超过2人，鼓励跨校；初评后不得改作品和成员。,,,,,,,https://aero.nuaa.edu.cn/_upload/article/files/e0/ee/c8bd89e740738bbf543c423a63a0/fd6b4a7b-f576-45f2-a1e2-b23b7d01918b.pdf
第七届上海市大学生力学竞赛,2026年第七届上海市大学生力学竞赛,个人赛10月17日8:30—11:30，各校闭卷理论力学与材料力学，120分；参考最近两届周培源基础及提高题。,,,,,,,,http://www.sstam.org.cn/show.aspx?flag=11&info_id=846&info_lb=11 | https://smes.shu.edu.cn/info/1018/10765.htm
第十届“光威杯”中国复合材料学会大学生科技创新竞赛,2026年第十届光威杯,3—5名在校学生、教师1名；本科组全部本科，含1名及以上硕博即为研究生组，同一学生不能加入多队。,3—5名在校学生、教师1名；本科组全部本科，含1名及以上硕博即为研究生组，同一学生不能加入多队。,,3,5,,,,https://www.csfcm.org.cn/site/content/4191.html
第五届国际奥林匹克互联网学科竞赛“材料力学”,2026年第五届材料力学互联网奥赛,各高校不同专业年级学生均可，由高校推荐优秀学生，英语、俄语和土库曼语。,,,,,,,,https://tdbgi.edu.tm/en/notice/581
第五届国际奥林匹克互联网学科竞赛“理论力学”,2026年第五届理论力学互联网奥赛,能源学院主办，全球高校学生不限专业年级；每校至多10名个人赛选手、1—2支队伍，每队至多5人，可跨校组队。,,,,5,,,,https://turkmenistan.gov.tm/en/post/102661/energy-institute-turkmenistan-invites-students-5th-international-olympiad-theoretical-mechanics
中国大学生机械工程创新创意大赛-“欧波同杯”失效分析赛,2026年第十一届欧波同杯失效分析赛,本科、硕士、博士、留学生相关专业；本科硕士博士留学生分组，博士仅创新赛道。,,team,2,2,,,,https://www.shixiaofenxisai.com/uploader/2026/04/20260423115356.pdf
“SCIP+”绿色化学化工创新创业大赛,2025年,2025主命题为未来材料、未来能源、未来环境，另列22项指定命题。历史报名截止9月30日，初复赛10月9日至11月30日，决赛安排12月。,,,,,,,,https://makeable.cn/2025-scip/2025-scip-%E5%A4%A7%E8%B5%9B%E8%AF%A6%E6%83%85/
“SCIP+”绿色化学化工创新创业大赛,2026年,2026分创业创新组和创业实践组。创新组面向高校及科研院所在读本科生、研究生、全日制非成人教育毕业生及高校青年教师，由项目负责人申报；实践组面向注册初创企业及团队，须有产品或技术原型及自有知识产权，由创始人、法定代表人或技术负责人申报。,2026分创业创新组和创业实践组。创新组面向高校及科研院所在读本科生、研究生、全日制非成人教育毕业生及高校青年教师，由项目负责人申报；实践组面向注册初创企业及团队，须有产品或技术原型及自有知识产权，由创始人、法定代表人或技术负责人申报。,,,,,,,https://makeable.cn/2026-scip-cn/scip-2026-event-registration-cn/ | https://makeable.cn/2026-scip-cn/scip-2026-event-detail-cn/
全国大学生电化学测量技术竞赛,2026年第五届电化学测量技术竞赛,同校2名学生1队，1—2名教师，化学化工材料能源等相关专业全日制本科及硕博；跨专业可、跨校不可。,,,2,2,,,,https://www.shiep.edu.cn/_upload/article/files/c9/0e/a4c976534696aff535bcec09172a/ad2d727e-ddc5-44fc-b133-351a94ffbfd5.pdf
全国大学生化学实验竞赛,2024年第十三届（往届竞赛与试题分析）,第十三届总决赛2024年8月15—18日山东大学济南；分省选拔与邀请衔接。,,,,,,,,https://cjournal.hep.com.cn/1000-8438/CN/PDF/1210526181738115465
全国化学类专业大学生科技活动交流,2025年第九届,2025年交流形式包括大会报告和墙报展讲，举办日期为10月31日至11月2日,,,,,,,,https://chem.xmu.edu.cn/info/1273/121205.htm
第十一届“汇创青春”——大学生文化创意作品展示活动（环境设计类）,2026年第十一届,必交展板、作品申报表和学校排序汇总表；模型可选且不超过1m立方，演示视频可选、720p及以上、3—5分钟MP4。,,,,,,,,https://jwc.sta.edu.cn/e9/6c/c665a125292/page.htm
第八届全国大学生市政环境AI+创新实践能力大赛,2026年第八届,AI+市政环境类创新实践能力大赛围绕市政环境问题，考查问题分析、创新方案与实践验证。,本科生赛道限定普通本科院校全日制在校本科生；个人校预选，区域赛通常3—4名学生、教师≤2。,both,,,2026-07-01,2026-09-30,http://meevexp.oberyun.com,https://cese.bjut.edu.cn/info/1173/3463.htm | https://cese.bjut.edu.cn/system/_content/download.jsp?owner=2010203365&urltype=news.DownloadAttachUrl&wbfileid=AE3772C9F76CACCE4FAD3AFEA537EAC2
第十一届“汇创青春”——大学生文化创意作品展示活动（互联网+文创类）,2026年第十一届,互联网+文创赛道以数字技术与文化创意结合的作品参评，按当届赛道通知组织报送。,各高校在校大学生，含研究生、留学生；项目为在校期间完成，往届活动获奖项目不得再次参评。,team,3,15,,,,https://www.sues.edu.cn/_t703/7d/5a/c271a294234/page.htm
Swift Student Challenge,2026年Swift Student Challenge,个人提交可在三分钟内体验的Swift应用作品；使用规定版本的Swift Playground或Xcode，提交.swiftpm压缩包不超过25MB，作品离线运行并使用英语。,中国大陆申请者通常须满14岁，非全职专业开发者；符合在校、毕业90天内、规定STEM课程或高中毕业待升学等至少一项资格。,individual,,,,2026-02-28,https://developer.apple.com/swift-student-challenge/apply,https://developer.apple.com/swift-student-challenge/eligibility/ | https://developer.apple.com/swift-student-challenge/policy/
CCF大学生计算机系统与程序设计竞赛（CCSP）,2026年,CCF通知2026年CCSP于10月21—22日在成都西华大学举行，报名至10月11日；9月14日另发比赛规则调整。,在校学生；CSP第37—43次最高成绩≥200分。,individual,,,,,,https://ccsp.ccf.org.cn/ccsp/Bulletin/2026-09-09/931089.shtml | https://ccsp.ccf.org.cn/ccsp/tzgg/2026-09-14/932132.shtml
CCPC全国大学生程序设计竞赛,2026年赛季,CCPC官网按赛事站点公布活动，报名应先确定站点和所属届次,,,,,,,,https://ccpc.io/event
CCPC全国大学生程序设计竞赛,第十一届总决赛（2026举办，2025赛季晋级）,2026年4月24—26日举办第十一届总决赛，名额来自2025各站赛事晋级；每队3名队员加1名教练。,2025各站全国赛、女生专场及高职专场获得第十一届总决赛资格的队伍。,team,3,3,2026-03-27,,https://signup.ccpc.io,https://ccpc.io/uploads/20260317/%E7%AC%AC%E5%8D%81%E4%B8%80%E5%B1%8A%E4%B8%AD%E5%9B%BD%E5%A4%A7%E5%AD%A6%E7%94%9F%E7%A8%8B%E5%BA%8F%E8%AE%BE%E8%AE%A1%E7%AB%9E%E8%B5%9B%E6%80%BB%E5%86%B3%E8%B5%9B%E9%82%80%E8%AF%B7%E5%87%BD_%E7%9B%96%E7%AB%A0%E7%89%88.pdf
蓝桥杯全国大学生软件和信息技术大赛,2026年第十七届,第十七届蓝桥杯按软件、电子、网络安全等赛项组织，不同项目竞赛时间和环境不同。,,,,,,,http://dasai.lanqiao.cn,https://www.scuec.edu.cn/jky/info/1143/5663.htm | https://ie.cufe.edu.cn/info/1069/7376.htm
码蹄杯全国大学生程序设计大赛,2026年第八届,码蹄杯采用在线编程测评，参赛对象包括全日制本科生和研究生，涉及C/C++、Python、Java等语言。,全国普通本科院校全日制在籍学生，含研究生。,individual,,,,,https://matiji.net/matibei,https://jsj.suse.edu.cn/2026/0108/c3314a205573/page.htm
强网杯全国网络安全挑战赛,2025年第九届,中央网信办发布第九届强网杯启动通知，主办方包括河南省委网信办、河南省教育厅、郑州市政府、信息工程大学、郑州大学和中国网络空间安全协会。,,,,,,,,https://www.cac.gov.cn/2025-09/09/c_1759136409566616.htm
全国大学生软件创新大赛,2026年第十九届,面向普通高校在籍学生，含本科与研究生；学生队长1名、其他学生不超过3名，指导教师不超过2名，合计最多6人。可跨校、跨专业、跨学历组队，跨校队伍按队长学校归属。每位学生限1队，每队限1件软件作品。,普通高校在籍学生；可跨校、跨专业、跨学历，跨校队伍归属队长学校。,team,1,4,2026-02-02,2026-05-28,https://www.swcontest.com.cn,https://ss.dlut.edu.cn/info/1371/29872.htm
上海市大学生网络安全大赛,2025年第十届,2025年第十届上海市大学生网络安全大赛暨全国大学生网络安全邀请赛包含安全作品与网络安全能力考核。,,,,,,,,https://jwc.shmtu.edu.cn/2025/0410/c8546a242921/page.htm
网鼎杯网络安全大赛,2024年第四届,第四届网鼎杯的2024年资格赛于10月29日至11月4日举行。,,both,,,2024-10-20,,https://www.wangdingcup.com/,https://www.wangdingcup.com/ | https://cetc.nwu.edu.cn/info/1008/2535.htm
ASLA 学生竞赛,2026年ASLA Student Awards,学生奖征集包括一般设计、住宅设计、城市设计、分析与规划、传播、研究等类别。参赛费每项80美元。,正式申报人须为合格ASLA学生类会员或第一年Associate会员,,,,2026-05-01,2026-05-08,,https://www.asla.org/awards-events-main-landing/honors-awards/pro-student-awards/2026-student-cfe
IFLA 国际学生竞赛,2025年IFLA学生竞赛,2025南特竞赛围绕气候适应、土壤、生物多样性及可持续水管理；跨专业团队由景观学生牵头，提交截止5月31日。,风景园林或课程涉及该学科的在读学生；相关领域学生只能参加由风景园林学生领队的团队。,both,,5,,,,https://ifla2025.com/student-activities/student-competition | https://ifla2025.com/media/pages/student-activities/student-competition/bb89078064-1745825477/ifla-2025_student-competition_brief-v2.pdf
ULI Hines Student Competition,2025年ULI Hines亚太赛,亚太赛提供真实城市地块案例，要求结合规划设计、市场分析和财务可行性形成开发方案。,,,,,,2025-03-18,,https://asia.uli.org/wp-content/uploads/2025/04/2025-ULI-Hines-SC-AP-Competition-Brief.pdf
第六届全国城乡建成遗产保护设计优秀作业评选,2026年,承办方发布城乡建成遗产保护设计作业评选；面向相关专业本科生，可个人或最多三人组队。,经教育部认证的高校相关专业全日制本科生；个人或小组，由学校统一选送。,both,1,3,,2026-09-10,,https://jzxy.bucea.edu.cn/xyxx/xwxx/1c04fde13b854d75a397afd8d4718276.htm
中国风景园林教育大会毕业设计作品,2025年第十四届教育大会,征集2025年度本科及研究生毕业设计，不含论文；由高校推荐，每类不超过三份，提交A0图纸。,风景园林、园林及相关专业2025年度优秀本科与研究生毕业设计，不含论文。,,,,,2025-09-05,,https://m.sohu.com/a/915182836_100098692
中国自然资源学会“国地杯”第八届全国大学生自然资源科技作品大赛,2026年第八届,中国自然资源学会国地杯第八届通知：报名至7月30日24时，作品提交至8月31日24时，决赛计划10月24—25日在长春举行，围绕人与自然和谐及科技赋能资源管理。,统招全日制在校本科、专科生；校内跨专业组队，每学院/系最多3项。,team,1,5,2026-07-30,2026-08-31,,https://www.csnr.org.cn/detail.html?contentId=1009&id=65
OnSite自动驾驶算法挑战赛,2026年第四届,同济官方报道介绍第四届OnSite自动驾驶算法交流，涉及端到端和数据等技术方向，可据此了解算法训练重点。,,,,,,,,https://tops.tongji.edu.cn/info/1002/2726.htm
第二十一届全国大学生交通运输科技大赛,2026年第二十一届,第二十一届交通运输科技大赛主题涉及智能与绿色交通，参赛作品应呈现问题、技术方案及验证成果。,开设交通及相关专业高校在校本研及留学生；经高校选拔推荐。,team,,5,,,,https://www.csust.edu.cn/jwc/info/1101/7702.htm | https://tumu.bucea.edu.cn/xyxw/0a70a22cd0ff4da6842af9c31e7a7068.htm
全国大学生轨道交通科技创新大赛,2026年首届,官方赛事网站公布首届轨道交通科技创新赛安排：作品提交7月17日，筛选至7月31日，初赛8月10日，决赛8月28—30日。,全国高校轨道交通相关专业方向的全日制在读本科生、专科生。,team,,5,2026-05-31,2026-07-17,https://www.nicrails.com/,https://www.nicrails.com/ | https://www.nicrails.com/Home/Page?colId=f84e0334-c03c-4cc2-b43a-cfc6caac0374-2026 | https://www.nicrails.com/Home/Page?colId=f29ca0e0-3b07-43b1-ab64-aa5bc5213968
中国城市轨道交通科技创新创业大赛,2021年第三届,第三届面向轨道交通产业实际创新需求，包含业主命题和创新项目征集；报名截止2021年7月30日，材料在电脑端赛事平台提交。,,,,,2021-07-30,,,https://trans.dlut.edu.cn/info/1021/2300.htm
口腔健康科普展示与交流活动,2023年上海活动,面向口腔医师、护士、学生和相关科普人员；视频、PPT等形式不限，回执和作品于2023年9月15日前邮件提交。,口腔医师、护士、学生及相关科普人员。,,,,,2023-09-15,,https://www.shstomatology.org.cn/html/web/xinwendongtai/tongzhigonggao/1922125798742921217.html
口腔形态技能大赛,2025年夏令营口腔形态技能赛,口腔形态技能大赛是同济大学口腔医学院暑期交流营的营内活动，参赛范围为入选营员。,,,,,,,,https://dent.tongji.edu.cn/info/1191/11769.htm
口腔形态技能大赛,2026年夏令营口腔形态技能赛,口腔形态技能大赛是同济大学口腔医学院暑期交流营的营内活动，参赛范围为入选营员。,,,,,,,,https://dent.tongji.edu.cn/info/1191/11879.htm
壳牌汽车环保马拉松亚洲站,2026年卡塔尔站,2026卡塔尔站第二章规则指定1月21—25日的站点活动，需与通用第一章共同阅读，准备节能车辆、技术检查和赛道测试。,,team,,,,,,https://www.shellecomarathon.com/2026-programme-shell-eco-marathon/qatar-2026-mileage-challenge-shell-eco-marathon/_jcr_content/root/main/section_1066928032/call_to_action/links/item0.stream/1761572838035/fa584ff1033457115168ca571c861e07d22a5775/shell-eco-marathon-qatar-2026-chapter-ii-rules.pdf | https://www.shellecomarathon.com/about/global-rules/_jcr_content/root/main/section/simple/simple/call_to_action_21097_660967135/links/item0.stream/1761572838035/fa584ff1033457115168ca571c861e07d22a5775/shell-eco-marathon-qatar-2026-chapter-ii-rules.pdf | https://www.shellecomarathon.com/about/global-rules/_jcr_content/root/main/section/simple/simple_473604194/call_to_action/links/item0.stream/1757685306671/87384442967e44ba38d6c971b1932ad81dc39345/shell-eco-marathon-2026-official-rules-chapter-one-nine-sep.pdf
中国大学生电动方程式大赛（2026）,2026年FSEC,学生车队自主设计并制造电动赛车，完成静态评审与动态性能测试。,,team,,,,,https://formulastudent.sae-china.org/,https://img.sae-china.org/web/2026/04/2026中国大学生方程式系列赛事规则（最终版）.pdf
中国大学生方程式汽车大赛（2026）,2026年FSC,学生车队自主设计并制造燃油赛车，完成静态评审与动态性能测试。,,team,,,,,https://formulastudent.sae-china.org/,https://img.sae-china.org/web/2026/04/2026中国大学生方程式系列赛事规则（最终版）.pdf
中国大学生无人驾驶方程式大赛（2026）,2026年FSAC,学生车队自主设计并制造无人驾驶方程式赛车，完成静态评审与自动驾驶性能测试。,,team,,,,,https://formulastudent.sae-china.org/,https://img.sae-china.org/web/2026/04/2026中国大学生方程式系列赛事规则（最终版）.pdf
中国汽车工程学会巴哈大赛（2026）,2026年巴哈赛,学生团队开展越野赛车设计制作与性能测试。,全日制在校学生自主设计、制造车辆，工程专业研究生和高职学生包含在资格范围内。,team,,25,,,http://ims.formulastudent.com.cn/,https://h5.bajasaechina.com/ | https://h5.bajasaechina.com/assets/docs/rules-manual.pdf
第十一届“汇创青春”——大学生文化创意作品展示活动（产品设计类）,2026年第十一届,产品设计属于第十一届汇创青春独立类别，产品赛道承办方为上海理工大学，作品应按该赛道要求报送。,在校大学生含研究生、留学生，主要为工业设计、产品设计及相关专业；院校集体报名。,,,,,,,https://jwc.shou.edu.cn/2026/0325/c11212a351333/page.htm | https://jwc.shou.edu.cn/_upload/article/files/22/e7/d97a972f44b09dda54f203c393cf/31a6e1e9-a9d8-4cbe-b038-3f01bd5ba200.docx
第十一届“汇创青春”——大学生文化创意作品展示活动（视觉传达设计类）,2026年第十一届,2026视觉传达赛道包含未来视界与沉浸共创相关主题，常规作品和China XR专项分别组织。,常规类：上海高校在校大学生含研究生、留学生，近三年在校完成作品，上一届获奖作品不再参评。,,,,,,https://form.jingyudao.cn/sl/7389,https://shj.sgmart.edu.cn/info/1159/4719.htm | https://jwc.shou.edu.cn/_upload/article/files/22/e7/d97a972f44b09dda54f203c393cf/31a6e1e9-a9d8-4cbe-b038-3f01bd5ba200.docx
戴森设计奖,2026年James Dyson Award,2026征集于3月11日启动、7月15日截止，面向符合要求的设计和工程领域学生及近期毕业生，作品要提出可解决实际问题的发明方案。,设计与工程类在读生及近期毕业生,,,,,2026-07-15,https://www.jamesdysonaward.org/,https://www.dyson.co.uk/discover/sustainability/james-dyson-award/2026-james-dyson-award-open-for-entries
全球生物设计挑战赛（Bio Design Challenge）,2026年Biodesign Challenge,2026峰会6月11—12日在纽约举行，参赛项目通过生物与设计交叉探索社会及环境问题；官网提供项目展示和评价框架。,,,,,,,,https://www.biodesignchallenge.org/summit-2026 | https://www.biodesignchallenge.org/judging
第十七届丘成桐大学生数学竞赛,2026年第十七届,丘成桐大学生数学竞赛按数学分科设置个人赛，并设同校学生组成的团体赛。,团体赛要求同校6人。,both,6,6,2026-04-25,,https://yau-contest.com/apply/login,https://www.yau-contest.com/ | https://www.yau-contest.com/show-86-85.html
美国大学生数学建模竞赛（2026）,2026年MCM/ICM,COMAP官方2026结果页提供A—F六道题目和结果入口，适合练习选题、建模假设、验证与英文论文表达。,,,,,,,,https://www.contest.comap.com/undergraduate/contests/mcm/contests/2026/results/index.html
全国大学生创新体验竞赛,2025—2026年第九届,第九届创新体验竞赛赛季跨2025年12月至2026年6月，重点在创造方法和实践体验。,全日制在校研、本、专科及海外同等层次学生；经学校统一报名，不接受学生直接独立报名。,both,,,,,https://niec.moocollege.com/home,https://www.chinaccsis.com/data/list/cxtys | https://www.chinaccsis.com/Assets/userfiles/sys_eb538c1c-65ff-4e82-8e6a-a1ef01127fed/files/全国大学生创新体验竞赛章程_已签章.pdf
国际大学生混凝土龙舟邀请赛,2026年第八届,官方规则区提供2026混凝土龙舟赛题和技术论文模板；每队3—5名本科生、1—2名指导教师，每校最多两队。,国内外高校全日制在读本科生；邀请赛，原则每校≤2队。,team,3,5,2026-06-22,2026-06-26,https://www.concretedragon.org/zh/rules/,https://www.concretedragon.org/zh/rules/ | https://www.concretedragon.org/wp-content/uploads/2026ICDBC-国际大学生混凝土龙舟邀请赛赛题-1.pdf
全国大学生“茅以升公益桥—小桥工程”创新设计大赛,2026年第八届,第八届茅以升公益桥小桥工程创新设计大赛主题为“薪传百卅，桥接乡情”。报名截止5月8日，初赛评审安排在7月10日，现场决赛预计9月下旬举行。,相关专业在校学生；队伍至少含1名土木工程研究生或高年级本科生。,team,3,5,2026-05-08,2026-07-03,,https://civil.swjtu.edu.cn/info/1055/70612.htm
世界大学生桥梁设计大赛,2026年世界大学生桥梁设计赛,中国公路学会与中交公规院共同主办2026桥梁设计赛，采用片区赛与后续赛事两级组织，片区赛须于5月20日前开展。,全球普通高校全日制本专科、硕博；允许跨校、跨专业及跨国组队。,team,,5,2026-05-10,2026-05-10,,https://www.chts.cn/xs/TZGG/art/2026/art_4ba927087a724d6b998e56fc7725d06a.html
“德语之星”全国高校德语演讲比赛,2026年第五届,第五届德语之星全国高校德语演讲比赛决赛暂定2026年11月1日在线下举行。,德语专业本科生或德语主专业双学位学生；非德语母语，年级不限。,team,2,4,2026-09-30,2026-10-09,,https://deutsch.tongji.edu.cn/info/1041/1361.htm
“卡西欧杯”中国日语专业本科生·研究生演讲辩论大赛,2026年第十八届,上外发布CASIO杯初赛通知，学校提交报名表、汇总表、演讲视频和电子讲稿；只提交音频无效，截止2026年3月9日。,日语专业赛事，通知具体对象为全国高校在读本科、硕士及博士生，每校限1名；由学校选派。,individual,,,2026-03-09,2026-03-09,,https://sjs.shisu.edu.cn/1a/22/c2709a203298/page.htm
“人民中国杯”日语国际翻译大赛,2021年第四届,2021年为第四届人民中国杯日语国际翻译大赛。,日语工作者、学习者及爱好者，不限国籍与年龄。,individual,,,,2021-10-31,,https://www.jpworld.cn/match/article_detail/68
“外教社·词达人杯”全国大学生英语词汇能力大赛,2026年第六届,正式通知附第六届章程，赛事通过词达人平台进行校赛、省赛和全国决赛；同分情况下按答题用时排序。,,individual,,,,,,https://www.tjcu.edu.cn/info/1080/25485.htm
“扎雅杯”全国德语配音比赛,2026年第六届,扎雅杯官方站明确第六届，分专业组和非专业组，2026年8月16日公布决赛结果。,非德语母语者；专业组为德语及相近专业高校在读生，非专业组为其余德语学习爱好者。,both,,5,,2026-05-31,https://peiyin.zhayadeutsch.cn/,https://peiyin.zhayadeutsch.cn/
全国大学生“用日语讲好中国故事”微视频大赛,2025年第五届,2025第五届以学校为单位报名，每校一队、学生最多三人、指导教师最多两人。面向国内高校日语、日语翻译及具有同等日语水平的本科及以上学生。初赛主题为中国科技创新的故事，MP4横屏3分钟（允许前后15秒）、至少1080P，日语音频与日汉双语字幕，现场原声，不允许后期配音，至少一名队员出镜。报名6月30日截止，初赛作品7月15日截止。,,,,3,,,,https://www.xdsisu.edu.cn/_upload/article/files/ec/e5/c547a92b436b8933057a0fc70569/e775837c-e3ec-416d-9815-7aef9d6c66a6.pdf
全国大学生日语演讲比赛,2024年第一届全国赛,本科日语及非日语专业学生均可，年级不限；在日本居住达到12个月者不符合本通知条件。无需报名费。,日语或非日语专业本科生，且未在日本居住12个月及以上。,individual,,,2024-12-07,2024-12-07,,https://www.zjminghaojy.com/News/202412728.html
全国高校本科生德语配音大赛,2026年第八届,北外德语学院第八届本科生配音赛主题为Science-Fiction；初赛视频于2026年3月27日14点前邮件提交。,在校本科生，非德语母语者，每校1队。,team,2,6,2026-03-06,2026-03-27,,https://de.bfsu.edu.cn/info/1066/7733.htm
全国高校德语专业大学生德语辩论赛,2022年第十三届,第十三届德语专业大学生辩论赛由本科生组队，以德语进行现场辩论。,,,,,,,,https://de.bfsu.edu.cn/info/1086/2690.htm
全国高校德语专业大学生德语辩论赛,2025年第十五届,第十三届德语专业大学生辩论赛由本科生组队，以德语进行现场辩论。,中国高校德语专业在校本科生，本科期间最多参赛两次；每校一队。,team,2,2,2025-08-19,,https://f.wps.cn/g/s0N9SJ13/,https://www.goethe.de/ins/cn/de/m/spr/eng/debattierwettbewerb-/15-debattierwettbewerb.html | https://www.goethe.de/resources/files/pdf353/regelwerk_debattierwettbewerb-fuer-germanistikstudierende.pdf
上海市第二届学术英语演讲比赛,2025—2026年第二届,复旦发布第二届上海学术英语演讲赛通知，分科研英语演讲与通用学术英语演讲，决赛于2026年4月18日举行。,上海全日制普通高校本科及研究生，国籍不限，每校每组1名（承办方每组可2名）。,individual,,,,,,https://cec.fudan.edu.cn/83/12/c23080a754450/page.htm
笹川杯全国高校日本知识大赛,2015年（历史比赛细则）,2015团体赛每队3名选手，含个人指定、团队指定和抢答题；每队另选1人参加个人赛，个人预赛为1小时笔试。,,both,3,3,,,,https://foreign.jlu.edu.cn/__local/0/3A/B3/B87AEF7CA6E98FDCB8FC464EB0D_8A4DC532_4DAF7.pdf?e=.pdf
中国大学生5分钟科研英语演讲大赛,2026年第九届,科研英语演讲赛鼓励用英语清晰解释科研问题和成果，采用三分钟科研演讲的传播方式。,我国含港澳台高校在读本科生、研究生，可跨校跨专业跨年级。,both,1,5,,,http://sentbase.com/cn5mrp/,https://gs.wtu.edu.cn/info/1023/12602.htm
中国人日语作文大赛,2026年第二十二届,高校征稿通知说明全中国日语作文赛原名中国人日语作文大赛，由日本侨报社和日中交流研究所主办。,,,,,,,,https://jwc.huznu.edu.cn/2026/0408/c3160a248831/page.htm
中华全国日语演讲比赛,2025—2026年第十九届,中国教育国际交流协会举办第十九届中华全国日语演讲赛；2025地区决赛后，全国决赛拟2026年3月在东京举行，包含命题与即兴演讲。,,individual,,,,,,https://rwxy.xisu.edu.cn/info/1129/5487.htm
国际大学生物理竞赛（2026）,2026年UPC,本科生组队在48小时内分析实际物理情境并提交论文；报名须至少提前六小时完成。,同校在读学生1—3人，未持有任何STEM学士学位，导师须同校；不要求全日制。,both,1,3,,,https://www.uphysicsc.com/registerateam.html,https://www.uphysicsc.com/contestrules.html | https://www.uphysicsc.com/registerateam.html
全国部分地区大学生物理竞赛（上海赛区）,2023年第三十九届上海赛区,2023年第三十九届面向同济大学2021级、2022级本科生，依院系和所修普通物理课程分四组。,2023通知限定同济2021、2022级本科生，按物理类、非物理类A、文经管、医学分组。,individual,,,2023-11-05,,https://1.tongji.edu.cn/,https://jwc.tongji.edu.cn/00/3b/c30359a327739/page.htm
“半夏的纪念”北京国际大学生影像展,2023年第二十届,中传电视学院发布第二十届半夏影像展征片细则，主竞赛鼓励青年影像表达，作品征集截止2023年5月15日。,全球高校正式注册在读学生在校完成作品；合作作品可联合参赛。,,,,,2023-05-15,,https://tvs.cuc.edu.cn/2023/0306/c240a202526/pagem.htm
“国青杯”高校艺术设计作品展评,2026年春期,国青杯2026春期征集覆盖艺术设计与美术作品，分作品类别报送；高校转发页提供组委会原通知PDF。,,both,,,,2026-06-05,,https://www.jscac.com/ggtz/37.html | https://cxcyxy.ntu.edu.cn/_upload/article/files/ae/b2/69ae7f2a48b28142aa0a3a7134fb/c6b06bf1-7e24-4ee1-ad53-960429135ad5.pdf
第十一届“汇创青春”——大学生文化创意作品展示活动（数媒、动画类）,2026年第十一届,2026年第十一届活动由院校组织遴选报送，学生作品须在读期间完成。,,,,,,,,https://ien.shou.edu.cn/2026/0313/c15062a350984/page.htm
ACP世界大赛,2026年ACP中国赛区,ACP中国赛区发布2026海选通知，竞赛面向13—22周岁青年学生，数字设计作品与Adobe技能相关；中国赛区和全球总决赛分阶段组织。,13—22岁青少年，须符合中国赛区登记要求。,,,,,2026-01-06,https://www.acpwcc.com/,https://www.adobeacp.com/content/news?id=1761116432915444
白玉兰国际音乐节,2025年白玉兰音乐节宁波声乐赛区,2025年宁波赛区按专业类型和年龄设置声乐组别，经赛区选拔后进入中国区及亚太总决赛。,,,,,,,,https://www.ncmc.nbtv.cn/xwdsg/nb/40273247.shtml
北京国际电影节“游戏•动漫•电影单元”高校动画短片、漫画作品评选,2026年第十六届高校动漫作品活动,官方高校动漫征集要求原创且非商业定制作品；动画60分钟以内，MOV或MP4、16:9、至少1080P；不接受AI直接生成作品。,国内高校本专研在读生及2025应届毕业生，在校原创。,both,,,,2025-12-30,https://pan.baidu.com/s/1IxK3T4GBvrHQ-Y25HDFSQg?pwd=idcw,https://www.bjiff.com/xghd/xqdy/kmlt/202512/t20251224_188579_ext.html
第十一届“汇创青春”——大学生文化创意作品展示活动（戏剧舞蹈类）,2026年第十一届,第十一届汇创青春戏剧舞蹈类有独立征集附件，作品需围绕表演创作及现场/视频展示准备。,在校大学生含研究生、留学生；个人或团队，作者不超过10人；须满足2025-01-01后创作、2026-03-19前公演。,both,1,10,,,https://form.jingyudao.cn/sl/o067,https://ien.shou.edu.cn/2026/0313/c15062a350984/page.htm | https://jwc.shou.edu.cn/_upload/article/files/22/e7/d97a972f44b09dda54f203c393cf/31a6e1e9-a9d8-4cbe-b038-3f01bd5ba200.docx
第十一届“汇创青春”——大学生文化创意作品展示活动（音乐艺术类）,2026年第十一届,第十一届汇创青春音乐艺术类独立征集,,,,,,,,https://ien.shou.edu.cn/2026/0313/c15062a350984/page.htm
第十一届“汇创青春”——大学生文化创意作品展示活动（综合类（影视））,2026年第十一届,第十一届“汇创青春”影视类别包括影视作品、长片剧本与AI剧情短片。,在校本专科、硕博及留学生，原创且拥有完整著作权，作品2026年4月前完成。,,,,,,,https://ien.shou.edu.cn/2026/0313/c15062a350984/page.htm | https://ien.shou.edu.cn/_upload/article/files/18/fd/6840f0d34c0989d7806b54e59333/acdeb91d-0b07-4ce0-864e-242f830f722f.zip
华为影像 · 金鸡手机电影计划,2026年第七届,第七届金鸡手机电影计划面向全球个人和团体，手机品牌型号不限；征集2026年3月1日开始、7月31日截止，经过初评与终评。,世界各地对手机电影创作感兴趣的个人与团体；须符合第七届征集章程。,both,,,,2026-07-31,https://uc.cgrhfff.com/projectApplicationForm/huaweiMobileDeclare/add,https://www.cgrhfff.com/forum/mobile-image-project/?lang=en
金犊奖国际竞赛,2026年第三十五届,2026年第35届金犊奖围绕当年度品牌策略单及命题类别创作作品。,,both,,10,,2026-05-15,https://www.ad-young.com/,https://www.timesawards.com.tw/WebMethod/GetHomePageTopYear | https://www.ad-young.com/Home/PublicArticleContent?id=A20260311134538&liname=1&year=2026&ba=5
蓝桥杯大赛视觉艺术设计赛,2026年第十七届,第十七届视觉艺术设计赛正式规则要求按作品类别提交；作品须带蓝桥杯标识，省赛与总决赛评审在2026年5—6月进行。,全日制研究生、本科和高职高专学生按报名状态参赛，每队1—3人，不允许跨校，指导教师至多2人。,team,1,3,,,https://dasai.lanqiao.cn/,https://design.lanqiao.cn/news-detail/1522?type=59 | https://jwc.hutb.edu.cn/upload/bksybkjxpgzx/contentmanage/article/file/2026/03/03/202603031658001606.pdf | https://jwc.hutb.edu.cn/upload/bksybkjxpgzx/contentmanage/article/file/2026/03/03/202603031658182760.pdf | https://jwc.hutb.edu.cn/upload/bksybkjxpgzx/contentmanage/article/file/2026/03/03/202603031658354450.pdf
中国大学生创意节,2026年Art+专项,中创节官方项目页含2026巴黎欧莱雅视觉符号专项征集，关注反骚扰与青年表达。,,,,,,2026-11-15,https://www.ccfcs.cn/index/pages/yxs,https://www.ccfcs.cn/index/pages/yxs
中国大学生广告艺术节学院奖,2026年春季征集,学院奖2026春季作品在xyj.5iidea.com提交；官方通知禁止直接搬运未经加工的AI原始生成内容，须依据品牌策略单创作。,,both,,,,2026-05-30,https://xyj.5iidea.com/,https://www.5iidea.com/contents/47748
中国高等院校影视协会年度推优暨“学院奖”大赛,2025年度联合展映,中国高校影视学会2025作品征集说明学院奖先更名影视作品推优，后转为线上线下联合展映；各单元由相应专业委员会评审。,,,,,,2025-09-10,,https://www.ccava.cn/newsinfo/8472199.html
中国高等院校影视协会年度推优暨“学院奖”大赛,2026年度,2026学生作品要求二年级及以上或应届毕业生，并由有效会员教师推荐；每位作者1部、每单位至多2部，学生作品时长不超过30分钟。,,both,,,,2026-09-05,,https://www.ccava.cn/newsinfo/11226640.html
中国国际动漫节“金猴奖”,2026年第二十二届,金猴奖2026官方英文章程征集3月23日至4月26日，分综合奖与潜力奖；综合奖作品制作时间为2025年4月1日至2026年3月31日。,潜力奖：国内外学生在校期间完成的原创动画短片或漫画，符合规定完成时间。,,,,,2026-04-26,https://jhj.cicaf.com/en/user/register,https://jhj.cicaf.com/en/articles/62.html
中国品牌设计大赛,2025—2026年第四届,第四届中国品牌设计大赛于2026年评奖，作品涉及品牌与产教融合。,高校在读专科、本科、硕士、博士学生及在职教师可参赛，学生组至多4名作者和2名指导教师。,,,,,,,https://www.xdsisu.edu.cn/2026/0609/c905a57283/page.htm | https://www.brandesign.org.cn/about
中国青少年音乐比赛•蜂鸟音乐奖,2021年第六届,同济中德人文交流平台保存蜂鸟音乐奖第六届完整章程，音乐类别、年龄与专业分组有独立要求。,,both,,,,,http://www.china-ymc.cn/,https://sino-german-dialogue.tongji.edu.cn/b9/25/c7120a178469/page.htm
中国数据新闻大赛,2026年第十一届,吉林赛区启动公告介绍2026第十一届中国数据新闻赛及第二届AIGC应用赛，二者分设作品方向。,团队3—6人，每人至多2队且只能担任1队队长，指导教师至多5人；参赛资格覆盖高校及科研、媒体业界，具体赛道分别申报。,team,3,6,,,https://www.smartsowo.com/competition/detail?id=16,https://jl.cnr.cn/jlgd/20260518/t20260518_527624902.shtml | https://webplus.hainnu.edu.cn/_s58/2026/0515/c2514a165201/page.psp
上海市土木工程材料知识竞赛,2024年第九届,上海在校本科生个人闭卷笔试，大一大二为低年级组、大三大四为高年级组；考查土木材料基础、发展与低碳。,上海在校本科生个人闭卷笔试，大一大二为低年级组、大三大四为高年级组；考查土木材料基础、发展与低碳。,,,,,,,https://polymer.tongji.edu.cn/__local/D/50/94/EAF6228AAC76F3CC03FF762EAB5_A37EE8C3_46AB3.pdf
同济大学化学知识竞赛,2008年第一届,首届历史通知为化学基础、前沿和生活化学相关笔试。,,,,,,,,https://www.tongji.edu.cn/info/1032/1968.htm
同济大学化学知识竞赛,2025年第十八届,2025第十八届面向同济全校本科生，化学类专业与非专业分组。,2025第十八届面向同济全校本科生，化学类专业与非专业分组。,,,,,,,https://mp.weixin.qq.com/s?__biz=MzY4MzEzMTc3Nw%3D%3D&mid=2247515657&idx=1&sn=f01c64cee44bae6ae4f520b067375af6 | https://chemweb.tongji.edu.cn/info/1517/15553.htm
济时开讲,2023年第二届,面向同济在校学生，每队不超过四人、主讲不超过两人；主讲须为本科或硕士学段学生。,同济在校学生，主讲人为本科或硕士学段，直博生须处于硕士学段。,team,,4,,,,https://jwc.tongji.edu.cn/81/01/c30536a295169/page.htm
济时开讲,2024年第三届,学院公告目录列2024第三届济时开讲通知；2026第五届已有决赛报道。,,,,,,,,https://my.tongji.edu.cn/index/tzgg.htm
使命与担当,2018年第四届,第四届使命与担当赛围绕社会实践与创新，要求运用理论分析社会、民生和时政问题。,,,,,,,,https://news.tongji.edu.cn/info/1008/20247.htm
使命与担当,2020年第六届,面向同济在读本科生。,面向同济在读本科生。,,,,,,,https://tjwm.tongji.edu.cn/info/1005/1176.htm
“学院杯”中国室内与环境设计大赛,2025赛季（2026公布结果）AIGC专题,2025赛季AIGC空间艺术专题以AI生成图像和动态影像表达空间设计，结果公布与颁奖安排在2026年。,艺术设计及相关专业在读本专科、研究生。,both,,4,,2025-12-15,https://xueyuanbei.com/,https://xueyuanbei.com/ztsd/221.html
“学院杯”中国室内与环境设计大赛,2026主赛道,2026主赛道主题为“空间与情感”，室内、景观、综合三个组别；室内设计及相关专业在读专本研学生。,高等院校室内设计及相关专业在读研究生、本科生、专科生。,both,,4,2026-12-15,2026-12-15,https://xueyuanbei.com/,https://xueyuanbei.com/zsd/219.html
中国设计智造奖,2026年第十一届DIA,DIA分产业与概念组，各含四类方向，报名需中英双语；产业组作品上市两年内、复评提交实物，概念组提供完整功能样机。,企业、院校、机构和个人均可，须为设计方或相关权利方。,both,,,2026-09-01,,https://www.di-award.org/,https://www.di-award.org/zh/rules.html
上海市大学生日语才能演示大赛,2025年第三十七届,第37届上海日语才能演示赛于2025年11月1日在交大举行，主办体系包括上海教育国际交流协会和京都外国语大学。,,,,,,,,https://sfl.sjtu.edu.cn/En/Data/View/9718 | https://www.ieas.net.cn/upload/files/2025/2/上海教育国际交流协会项目与服务手册（2025）.pdf
“卓越杯”全球治理与中国方案——青年国际胜任力案例设计大赛,2023年第一届（历史完整细则）,2023首届面向上海高校在读学生，年级专业不限；每校推荐1—3队，每队3名学生及1名指导教师。,,team,3,3,2023-09-30,,,https://honors.shisu.edu.cn/_upload/article/files/bb/95/ea51d40546f9ae002acf6f4eed16/e341642c-7edf-4ef0-8e77-773baebcd7c6.pdf
“汇川杯”全国智能自动化创新大赛,2026年第三届,汇川杯官方帮助页说明第三届初赛作品于2026年4月15日24点前提交，按各赛项规程打包上传网盘后在官网填报链接。,全国普通高校在校研究生、本科、高职高专；技师学院视同高职，中职须已进入衔接高职阶段。,team,,,2026-03-31,,https://icup.inovance.com/,https://icup.inovance.com/helper
