来源编号,标题,官方链接,核查日期,阅读等级,HTTP,官方引荐页,抓取响应SHA256
src-0f396869d910,赵云妹,https://aero-mech.tongji.edu.cn/3b/4d/c23511a211789/page.htm,2026-10-03,官方正文已读,200,,1c387309921e18f5d79d310ec695431e06ba150f0cf7d9c6ebda75bac01097d7
src-e92f8ff3201e,程泽鹏,https://aero-mech.tongji.edu.cn/50/cb/c22274a348363/page.htm,2026-10-03,官方正文已读,200,,828d190703e9275cc6d264c15ac48c866bc0e29d55e876ab9c67b6590c9bd4f5
src-c4aac1f94fb0,英文-同济PAI研究中心(PAI Research Center),https://ai.tongji.edu.cn/index_en.htm,2026-10-03,官方正文已读,200,,73e6667526cc960e0e21bc9b659489610cdf317678950a4a40bf41e3119b745a
src-163a5e67813c,国赛获奖！我院于幸泽教授课程斩获全国教学创新大赛二等奖,https://caup.tongji.edu.cn/d0/00/c33362a380928/page.htm,2026-10-03,官方正文已读,200,,07587f4feb75121cde0203d6b73bdae647be4ff49f81634b9f9f9372f4dd4701
src-9aeeef74763b,张绍明-同济大学测绘与地理信息学院,https://celiang.tongji.edu.cn/info/1301/2420.htm,2026-10-03,官方正文已读,200,,a7cfd15f4913bd9caaa9f83e1cb36d939ae54776bdd8f85ff55262f14c8731ae
src-6bef735c5a11,程功-同济大学测绘与地理信息学院,https://celiang.tongji.edu.cn/info/1301/4689.htm,2026-10-03,官方正文已读,200,,516d75001fcd78500bcaf7a245394984742dbca145b8455ea5cb3a1a924d59e6
src-869cb6ec649f,申晓骥	-同济大学测绘与地理信息学院,https://celiang.tongji.edu.cn/info/1384/4595.htm,2026-10-03,官方正文已读,200,,8dff3a6f580f03d0aafba0b36a6c1ae87b557659087da8201adb367da267a733
src-e23a90dfeaaa,康开轩-同济大学测绘与地理信息学院,https://celiang.tongji.edu.cn/info/1384/4691.htm,2026-10-03,官方正文已读,200,,c0b5a1d2f2df6cf342b1436a0aa6231968d239155de9f5944942bf1e67ef921e
src-ce6ed709beac,刘韬-同济大学化学科学与工程学院,https://chemweb.tongji.edu.cn/info/1514/14132.htm,2026-10-03,官方正文已读,200,,ef07e90e321bb62d1b18dfa0d598d316a3a222c06f42b24a1ea12b8102a14933
src-dd72e5f363ca,张弛-同济大学化学科学与工程学院,https://chemweb.tongji.edu.cn/info/1514/14281.htm,2026-10-03,官方正文已读,200,,b95e2166d5b6a4e2582abc3ab9cfd67dcfb837ad5443db0b3b614743cb559482
src-dd23c9da6f94,吴超-同济大学化学科学与工程学院,https://chemweb.tongji.edu.cn/info/1514/15214.htm,2026-10-03,官方正文已读,200,,60649f5b0d8c36234f83e9c9091217c19d4c17fb20a4cc9a1a4dd81e18f7aae5
src-06d88970472d,石硕-同济大学化学科学与工程学院,https://chemweb.tongji.edu.cn/info/1615/14137.htm,2026-10-03,官方正文已读,200,,c10fddcca8b69285e894c6bb284058b268f75653a68c4a9b5dba9b7526064876
src-97204fd88fc6,王启刚-同济大学化学科学与工程学院,https://chemweb.tongji.edu.cn/info/1619/14148.htm,2026-10-03,官方正文已读,200,,ab1f093b53b6576311885a1d0ef64afdb1efb0dc4f08001faf3c2a4ee7721a36
src-1671a742db51,朱志荣-同济大学化学科学与工程学院,https://chemweb.tongji.edu.cn/info/1644/14272.htm,2026-10-03,官方正文已读,200,,c794cb6d6710f0c5ee3143a140c20774113c0d72ef11a54393c7aac31cd63e4a
src-0560d57c2a1d,结构试验中心科研试验项目08-09（2）加入本科生见习平台,https://civileng.tongji.edu.cn/experiment/87/e2/c16510a165858/page.htm,2026-10-03,官方正文已读,200,,4003edf0743b0c3aa51d09837f0220560810519ca731f45d23a2a4d94908b5a4
src-803b46958390,建筑结构实验室科研试验加入本科生见习平台,https://civileng.tongji.edu.cn/experiment/87/e5/c16509a165861/page.htm,2026-10-03,官方正文已读,200,,efb26b6adfc1cda159d88c76215564df6e0f8345dd513e24e4757577d5582c34
src-4f6607e88bf3,土木工程实验教学中心见习实验平台,https://civileng.tongji.edu.cn/experiment/87/f2/c16510a165874/page.htm,2026-10-03,官方正文已读,200,,566ee64a6e38213e12135dfd947e96ede04ef6c218838de98d950d0b307f34aa
src-b5d1adce1e56,结构试验中心科研试验项目09-10（2）加入本科生见习平台,https://civileng.tongji.edu.cn/experiment/88/05/c16510a165893/page.htm,2026-10-03,官方正文已读,200,,86aa2148438e7dd3be779b17854853ca189e338334f2ec7fc991454fe50aa9db
src-6e299e9e1d16,结构试验中心一试验项目11-12（2）欢迎本科生见习,https://civileng.tongji.edu.cn/experiment/88/2b/c16510a165931/page.htm,2026-10-03,官方正文已读,200,,daba7b14dbd3e0c08d1a61921edd90922139438ff75e1207264c34c8d4eac3ed
src-494a708098f8,程鹏-同济大学计算机科学与技术学院,https://cs.tongji.edu.cn/info/1065/3467.htm,2026-10-03,官方正文已读,200,,d592cec8ffcd0bfbcc57e236269a42b8a9a7b2b445a15f201505be5733edf4a6
src-38f7aeacdb27,冯春梅-同济大学计算机科学与技术学院,https://cs.tongji.edu.cn/info/1065/3471.htm,2026-10-03,官方正文已读,200,,d08ec9adf1891a8987913776dfaa5d350d2f6b70c4325ea92e1afbab2dd0dc82
src-260d4b8c6c42,彭铎-同济大学计算机科学与技术学院,https://cs.tongji.edu.cn/info/1065/3485.htm,2026-10-03,官方正文已读,200,,ae568f4e3cf4994673473d3d17b03c98aad2fd43bc214a4c485451d4c267ee87
src-5c5513cc7fd5,任云帆-同济大学计算机科学与技术学院,https://cs.tongji.edu.cn/info/1065/3487.htm,2026-10-03,官方正文已读,200,,a4d5a440e65f73896d25e143d0b60a3a879a85a858f5d2c5d569ab3fef5f8119
src-97096cc593e7,祝澜耘-同济大学计算机科学与技术学院,https://cs.tongji.edu.cn/info/1065/3527.htm,2026-10-03,官方正文已读,200,,6d46fbb8b6fffbfc33d91f4dc813d31a4a09e811c29449d0df7c92dd41ac8068
src-35d0d3369573,张荣庆-同济大学计算机科学与技术学院,https://cs.tongji.edu.cn/info/1066/3573.htm,2026-10-03,官方正文已读,200,,15addbc8ae42a765fff9239add1f280dd775eacff36ebf2f34e3ee5ea81622f0
src-4c23335285fd,李冰-同济大学计算机科学与技术学院,https://cs.tongji.edu.cn/info/1066/3670.htm,2026-10-03,官方正文已读,200,,6e028f10ef926c843f1b0ad64654247f737782ae5f9b1bfcf9448070c5ecac71
src-a2d1e9c256ca,叶伟,https://cse.tongji.edu.cn/yw/list.htm,2026-10-03,官方正文已读,200,,c78e76c28152d98075847888bf3f1b275ed6ca39335b4b39bfefcfdfe46f8962
src-932751e09fe7,同济大学主页主页平台管理系统 陈隽--中文主页--首页,https://faculty-civileng.tongji.edu.cn/chenjuan/zh_CN/index.htm,2026-10-03,官方正文已读,200,,6fcee3db0a07cd066e51d11c94ec54352621a784a17d9cd74b682024289c3620
src-94d2c9f5e532,同济大学主页平台管理系统 段春艳--中文主页--首页,https://faculty.tongji.edu.cn/duanchunyan/zh_CN/index.htm,2026-10-03,官方正文已读,200,,a109c3b11ef258a4629c8b531eb8c001a21ad23a80a385ff358557217c1c4312
src-916672e9fe9f,本科生招生信息-同济大学精密光学工程技术研究所,https://ipoe.tongji.edu.cn/info/1036/1020.htm,2026-10-03,官方正文已读,200,,0e5abfe578cc10bc6a46a1802ea9aa5e0b69168cf5442b1c75ae9895873279f3
src-98a73db8e844,张赫,https://life.tongji.edu.cn/03/0c/c12685a131852/page.htm,2026-10-03,官方正文已读,200,,cbb825c89b9861b9eaf18d38cade13396fcb208855d1678f185fd8c4ba84d6fd
src-e52389430c0c,项耀祖,https://life.tongji.edu.cn/03/17/c12683a131863/page.htm,2026-10-03,官方正文已读,200,,95f9d4570f1312b886e6b798d21a22aa53bd733bcd83119b56c7fe801747f886
src-11a8af45a696,同济大学生命科学与技术学院张云芳课题组诚聘科研助理与博士后,https://life.tongji.edu.cn/18/5d/c12689a202845/page.htm,2026-10-03,官方正文已读,200,,09ad55ea66f37c590129eaea8017fec30ff12b24405369c45a407f15cba7f6b5
src-0c06812015e8,余贤斌,https://life.tongji.edu.cn/2c/3a/c12618a339002/page.htm,2026-10-03,官方正文已读,200,,db391a37303bda7e9a1ebe85c9967bbe0ae7f446d9c1f60e38457bdbde1bd107
src-91defef6ce7f,高义萌,https://life.tongji.edu.cn/65/c9/c36210a288201/page.htm,2026-10-03,官方正文已读,200,,5236252b3a83d47bb1c9da8c5d09920ee35f2c1de4b4a0514232f389f11caddb
src-3600f6cefefe,张晓鸥,https://life.tongji.edu.cn/ca/07/c12618a182791/page.htm,2026-10-03,官方正文已读,200,,400544d2c3cbf825385cb61377dd081397cf5ca92d88490e2f4650698474e652
src-df6ddab9f494,侯羽君,https://life.tongji.edu.cn/e4/61/c36210a189537/page.htm,2026-10-03,官方正文已读,200,,72d8b5e50ba55f9f4cc9b94e69104d38b9cccfd4e927265a58c251a4ea19f80a
src-08cb4c1947e4,薛剑煌,https://life.tongji.edu.cn/fc/60/c12618a195680/page.htm,2026-10-03,官方正文已读,200,,bb8791c8c0705cb90d53493d139cb457500185541b6c0057d5e30f65b13ebd19
src-7fb74a9f240c,同济大学生命科学与技术学院薛剑煌课题组诚聘科研助理与博士后,https://life.tongji.edu.cn/fc/61/c12689a195681/page.htm,2026-10-03,官方正文已读,200,,16e98287d698ce451cc5b1f2fe88f30eb48490782e47c79b91a171706a04fc60
src-382dd800c21d,同济大学医学院干细胞外囊泡研究课题组诚聘技术员-医学院,https://med.tongji.edu.cn/info/1327/13605.htm,2026-10-03,官方正文已读,200,,1d6ccd908cf4e9979dcbb578cc772124b1153dbab29b8e29fca0c42b60f8c1ec
src-163754760da0,何晶-医学院,https://med.tongji.edu.cn/info/1406/4511.htm,2026-10-03,官方正文已读,200,,60bb2040c84104b54b7b5332f92599869b27fa75feabd383cefc7ba4ec5b6c1a
src-fe587d732a37,,https://mp.weixin.qq.com/s/2v07umoH1ljHztys7HUK5Q,2026-10-03,官方正文已读,200,https://ghc.tongji.edu.cn/Chinese/kcrh/ktfb/17.htm,7bfe3819c429c2cebbdb8fd95c2e97bddddad6b529a9f04aa32d32f35654e08e
src-70f5c2727164,,https://mp.weixin.qq.com/s/3YocZwO5gu7G0JCLeuFBOw,2026-10-03,官方正文已读,200,https://ghc.tongji.edu.cn/Chinese/kcrh/ktfb/10.htm,bc2e91a55c0eb82c39b5060bb82faa46c35f79f2a3f3b7456bcb7408cb39db68
src-abc746399617,,https://mp.weixin.qq.com/s/3eVnT5LZl1lu7z5tk4Dw0A,2026-10-03,官方正文已读,200,https://ghc.tongji.edu.cn/Chinese/kcrh/ktfb/5.htm,25d34dba805c5a400f329e2aa7ccfcae44151735de8106f0c47335c8ba59b4c1
src-ca9e338f69e7,,https://mp.weixin.qq.com/s/3ivWB9P6NJDSQ2hcIexZGw,2026-10-03,官方正文已读,200,https://qdc.tongji.edu.cn/Chinese/kcrh/ktfb/1.htm,5f4c6696ff8eb0de8941ce528b2cb2f5b4e58e2e6e3c5ccf7cf8620eb27f66a3
src-5bbd09d143a8,,https://mp.weixin.qq.com/s/4YlGp550_PaCMFwQhyynWw,2026-10-03,官方正文已读,200,https://ghc.tongji.edu.cn/Chinese/kcrh/ktfb/10.htm,a3cdd8d1fb7833557e19ce8a1910829c32fe5de92b8b920fb2fda3a8db805b19
src-4f867a88a107,,https://mp.weixin.qq.com/s/4ukBxLB6vyPJEsC0zi1EiA,2026-10-03,官方正文已读,200,https://qdc.tongji.edu.cn/Chinese/kcrh/ktfb.htm,5a5eabc935f0be6912f498f47c550a55f412f18c432fadc36fb52d5f17eda50f
src-7296cab8d7b6,,https://mp.weixin.qq.com/s/7i5RDQl-Jut4vZbGSo3ftA,2026-10-03,官方正文已读,200,https://qdc.tongji.edu.cn/Chinese/kcrh/ktfb/10.htm,0f747c2a16006c537bfb2a72563fea084c9340289611f823561a613bc52d204d
src-7ff68c121704,,https://mp.weixin.qq.com/s/9y88DFgIimceW-aIxg_kGg,2026-10-03,官方正文已读,200,https://ghc.tongji.edu.cn/Chinese/kcrh/ktfb/23.htm,ce05c89515e75ef2a2ff8a5013e7741f2c2c38aeff1729a204a3165974b47389
src-1ec1d17e8cdf,,https://mp.weixin.qq.com/s/A7pc7Se3sWXAsjiEFrvoew,2026-10-03,官方正文已读,200,https://ghc.tongji.edu.cn/Chinese/kcrh/ktfb/22.htm,6f7a5e92a06d3fc9b2a5096eb22ac3b921c2b30b9f354985a6b0a7c56c6bbe20
src-46a5c6aec83f,,https://mp.weixin.qq.com/s/AxXejubTSavAFY8MUOrM6g,2026-10-03,官方正文已读,200,https://qdc.tongji.edu.cn/Chinese/kcrh/ktfb/5.htm,7361421ab291120418736d13afe6481ec500223e925091c4e3712112f8da2a32
src-000f25fb2263,,https://mp.weixin.qq.com/s/BPA4MCOT1QW01w60Kh--1Q,2026-10-03,官方正文已读,200,https://ghc.tongji.edu.cn/Chinese/kcrh/ktfb/8.htm,0c78557d4cd2a80cfad958031e0c528e1763ea7d9b95e9a2a50d8d91c91973c4
src-47694e68519e,,https://mp.weixin.qq.com/s/ES-U5HDmyH0ZF8kPqLpw4g,2026-10-03,官方正文已读,200,https://ghc.tongji.edu.cn/Chinese/kcrh/ktfb/19.htm,9092d2ab1595a37489118210682aaaac41736baa4aa1a076311f590bf5b15952
src-d5edc8502632,,https://mp.weixin.qq.com/s/EnH56TyiOFJc8c28bCaBrA,2026-10-03,官方正文已读,200,https://ghc.tongji.edu.cn/Chinese/kcrh/ktfb/18.htm,dd9830666bbdc1dc457e1951986c5b28d1104837ea6a0734a4356142485bbd95
src-f7741f327bd9,,https://mp.weixin.qq.com/s/GR15SfykVwMCYwtQ7Na01A,2026-10-03,官方正文已读,200,https://ghc.tongji.edu.cn/Chinese/kcrh/ktfb/19.htm,c7397bbe2a3c45c1be043c174c9ebd4d48059d313e5d9af6966d50a8373642e7
src-5fafb56d3d99,,https://mp.weixin.qq.com/s/GSMc4M5xW3i6LdQLxVoDvw,2026-10-03,官方正文已读,200,https://ghc.tongji.edu.cn/Chinese/kcrh/ktfb/8.htm,289a82bb5abc1e1c8b9080ce60a1b043d69fee53c7e2bc2f7a25151817cfdbc7
src-e8bc0829bafe,,https://mp.weixin.qq.com/s/JAB7pxyRLNTedGvS10mjAQ,2026-10-03,官方正文已读,200,https://ghc.tongji.edu.cn/Chinese/kcrh/ktfb/22.htm,9b015e78a460c64f6aa1b5b00abff2c56015c9713c52baa024a25bcf24024fd6
src-f21502feecca,,https://mp.weixin.qq.com/s/L4Cafg6RDjQwJXjS8su62A,2026-10-03,官方正文已读,200,https://qdc.tongji.edu.cn/Chinese/kcrh/ktfb/13.htm,a06526481f8c487eac1e64e3bfe3a308791b4b8657c7c44fb21117e5c4b206b2
src-835d01c50f83,,https://mp.weixin.qq.com/s/NMg_ByBF4fpTHqXVfBARrg,2026-10-03,官方正文已读,200,https://qdc.tongji.edu.cn/Chinese/kcrh/ktfb/11.htm,3d69a8f40b1f0ee2821e915cab28d7e4d5395e08c51d7fee25ebcb44b2b59a47
src-6f930efd2c0d,,https://mp.weixin.qq.com/s/NlYj-noI4cqJDLlAXuLQRA,2026-10-03,官方正文已读,200,https://ghc.tongji.edu.cn/Chinese/kcrh/ktfb/11.htm,f441a2c26fd3fcee7c8d20d1de802a8e0a8f5aca8ca4420f4c4fbab500f08f2d
src-21bd389833fc,,https://mp.weixin.qq.com/s/UKUfUENL8d4O_o2vmGQFzQ,2026-10-03,官方正文已读,200,https://ghc.tongji.edu.cn/Chinese/kcrh/ktfb/13.htm,64d57862a2d163646f97ccb6dd4b76dadffa5d78690057eb5f5c81bbd31ce76e
src-30ac833f13b3,,https://mp.weixin.qq.com/s/Udgu5dwqWy0a72mPSswImw,2026-10-03,官方正文已读,200,https://ghc.tongji.edu.cn/Chinese/kcrh/ktfb.htm,ad1bcfe4ea2c69d536d4e63adda70ab357604f7acc8de2288f487354482e19a6
src-dc94db2eddd6,,https://mp.weixin.qq.com/s/WJHNp_lhAD6dZ9UjXgZzYg,2026-10-03,官方正文已读,200,https://ghc.tongji.edu.cn/Chinese/kcrh/ktfb/16.htm,9515a80e543efb18e3aeaec9c62ad469c84ae045562564ef6ac695dbe9a9c9af
src-5df362846896,,https://mp.weixin.qq.com/s/XZU2xlIcPIayTepthzHUMw,2026-10-03,官方正文已读,200,https://ghc.tongji.edu.cn/Chinese/kcrh/ktfb/4.htm,f79c954896fd70e4ca54ca38ffd0405f2bdfdc303de0f1090734aeccbd2de6fc
src-013b91ed3b59,,https://mp.weixin.qq.com/s/X_0S2-cArwj6tRIxyce1vw,2026-10-03,官方正文已读,200,https://ghc.tongji.edu.cn/Chinese/kcrh/ktfb/20.htm,a9f1d0e57f19dae06f7d6659404354e22e757f303f14432a30cbc964bc411dda
src-81f1036c1707,,https://mp.weixin.qq.com/s/bdMz57Ymg4VTovZXWMsL-g,2026-10-03,官方正文已读,200,https://ghc.tongji.edu.cn/Chinese/kcrh/ktfb/20.htm,40927ae5757e94ad7e94375bad5120843cbda17090d659fa2ca9a201d525eee0
src-12e78d75396b,,https://mp.weixin.qq.com/s/cfNuK3esXXol1-qEtPsG2g,2026-10-03,官方正文已读,200,https://ghc.tongji.edu.cn/Chinese/kcrh/ktfb/14.htm,f08a663fca312e06e67cf5fe90c14fb8286501ab788b0fdfeebb15066ddbd7a6
src-7d4ee0123ad0,,https://mp.weixin.qq.com/s/dG_PbmSjQE7giyEMfXhN_g,2026-10-03,官方正文已读,200,https://ghc.tongji.edu.cn/Chinese/kcrh/ktfb/22.htm,d22e495e29baa739da4719e4b0f044f5620b0543938dfb83d1df75a613503f21
src-0956593b528c,,https://mp.weixin.qq.com/s/eXRfBBXNKxaUdUxQg2p-yQ,2026-10-03,官方正文已读,200,https://qdc.tongji.edu.cn/Chinese/kcrh/ktfb/9.htm,9a0a640dfe2076f10783cad8bafb881a059507b7d7926e7b1eb8a2ee63cee7e5
src-5d6d3bffbfe5,,https://mp.weixin.qq.com/s/gAOqFalFFXy_2R3RwMurZg,2026-10-03,官方正文已读,200,https://ghc.tongji.edu.cn/Chinese/kcrh/ktfb/22.htm,2105c3e91d052933353458c9c8236f2fb67ded9d77d725fa4ee3f7e8d5ade67c
src-9d159ab746cf,,https://mp.weixin.qq.com/s/gdXtsUCcWrnilYy5EIfpMg,2026-10-03,官方正文已读,200,https://qdc.tongji.edu.cn/Chinese/kcrh/ktfb/14.htm,04d800e127ab94f8b5f8918f9803747ddd8be1b3b5e260c1bb7686b7051ad26b
src-02e077e8b4e5,,https://mp.weixin.qq.com/s/isz5JCyi0YRljxAYgj3a6Q,2026-10-03,官方正文已读,200,https://qdc.tongji.edu.cn/Chinese/kcrh/ktfb/8.htm,d0fa8fac9c4671500b9452cb6364638a4f3e8fcb76becb3e0472d81ce6680a8f
src-3980d35a05cb,,https://mp.weixin.qq.com/s/mwiJ-TAOMZVk_9Mfm69x3A,2026-10-03,官方正文已读,200,https://ghc.tongji.edu.cn/Chinese/kcrh/ktfb/21.htm,334bab48301ad9cecd8caa6120fb41d89f7b88b5210b868eaddfad5d19e8fd08
src-0cfa49bbc9bd,,https://mp.weixin.qq.com/s/nBYauOo7I_yvIn5QLd6r6A,2026-10-03,官方正文已读,200,https://qdc.tongji.edu.cn/Chinese/kcrh/ktfb/14.htm,41b1ba067b700cd89e0ab332d39bf44aa8d93cdbe75181efa3f64852870394b1
src-d903d9a8456c,,https://mp.weixin.qq.com/s/oQBRxxyumSKl_NQcEVPuFw,2026-10-03,官方正文已读,200,https://qdc.tongji.edu.cn/Chinese/kcrh/ktfb/5.htm,e1ead1be4ee1c4e9645290f48780c008e17aa63bea63d648805d5ce8a79bd102
src-9ec919f8f6cd,,https://mp.weixin.qq.com/s/olBJqxyNeAdiYyhm8XNJHA,2026-10-03,官方正文已读,200,https://ghc.tongji.edu.cn/Chinese/kcrh/ktfb/20.htm,2ff0f5370e78cb81d3703ea7abf20ff85355feaa191cd7ab9400f91814e2192c
src-6829b416aadb,,https://mp.weixin.qq.com/s/tKaalh38WQzEKYCL9XlWwg,2026-10-03,官方正文已读,200,https://qdc.tongji.edu.cn/Chinese/kcrh/ktfb/15.htm,6088a290b5214780dcc3426c4d24bf19ce0612b309f9e753e7e6a2340f32a08d
src-42e8a62ad3da,招生 - 中欧纳米声子学联合实验室,https://nanophononics.tongji.edu.cn/notice/qs,2026-10-03,官方正文已读,200,,66b4562c2a9797c768964a2035e6fcf5a1eaa539294c6555168c5a57bf3ff943
src-0fc25368ba47,蒋烁-同济大学智能机器人与计算感知实验室,https://robot.tongji.edu.cn/info/1256/2090.htm,2026-10-03,官方正文已读,200,,76dd9d11509a1d4d223c971d31442a2b2ea00099d47e9d2df7affdc34fa02450
src-cdda095bf026,【加急招聘信息】设创学院智能大数据可视化实验室招聘本科志愿者5人-电子与信息工程学院,https://see.tongji.edu.cn/info/1106/5966.htm,2026-10-03,官方正文已读,200,,3442c5009975e5b2f6d4c8ba8a178b00c8941fb924705fddc4eb82f9a920928d
src-5b3ec669a90d,刘泽鹏-电子与信息工程学院,https://see.tongji.edu.cn/info/1377/14557.htm,2026-10-03,官方正文已读,200,,8d36a079554b52beba9799fa26454cc3adf8ae02aa635b1a51238e8577e35132
src-ec72361d9f19,王瀚漓-电子与信息工程学院,https://see.tongji.edu.cn/info/1379/10339.htm,2026-10-03,官方正文已读,200,,df6381f985e63d4c14d9c57f0366aa5b011277ffb4bbd855a9d42f82f594830f
src-9b0a55887e74,周远强-电子与信息工程学院,https://see.tongji.edu.cn/info/1379/12341.htm,2026-10-03,官方正文已读,200,,3353e4e68a9320daef7e0eed2e8740756ffd5dce0f00141f548f873f34be477c
src-7b0ea88977e3,蒋烁-电子与信息工程学院,https://see.tongji.edu.cn/info/1386/12431.htm,2026-10-03,官方正文已读,200,,2bb05525626d6891e292070f04ace8f6feca0c79efe23a3482304ae8f1c32747
src-408827293f13,魏忠祥-电子与信息工程学院,https://see.tongji.edu.cn/info/1388/10482.htm,2026-10-03,官方正文已读,200,,22d203be31bc5508ad89c3f1628c03c53b2f3ad414983d931035eb13747d6410
src-5d993e2a114b,袁之康-电子与信息工程学院,https://see.tongji.edu.cn/info/1388/12241.htm,2026-10-03,官方正文已读,200,,e0f66564277a53ce27d336eeaf87df9a3c89717d1b8b5dd4c1d5eb90ccfb4e84
src-8953f42a0625,刘洋-电子与信息工程学院,https://see.tongji.edu.cn/info/1391/14445.htm,2026-10-03,官方正文已读,200,,6bc1764b29427dcce6cf45a016e9ee50683cbbe4614a0ec55b0f6f33316683b2
src-a929fd9842c1,范睿-电子与信息工程学院,https://see.tongji.edu.cn/info/1447/14473.htm,2026-10-03,官方正文已读,200,,19f2cda78c5f692cb76053affd2328d1dd461226438a14ad6face520ccdf7c46
src-4f478ad39304,孟祥周-同济大学环境科学与工程学院,https://sese.tongji.edu.cn/szdw/zyjs/js/M/mxz.htm,2026-10-03,官方正文已读,200,,98d3f0b5bf2f079ed41ded8bb5c3190432b5d5cf086efc3691452b0545886603
src-11a319fc5c0b,张献英-交通学院,https://tjjt.tongji.edu.cn/info/2863/10839.htm,2026-10-03,官方正文已读,200,,f22cadfab0ee9ef2229dc6f69fabd09fc4ff28a5285360a36414a0ddaefcbbc2
src-85bd63f6d305,邓吉浩-交通学院,https://tjjt.tongji.edu.cn/info/3062/11848.htm,2026-10-03,官方正文已读,200,,0b59e10ebd96de537b09f41da8ee6f1123c7125de37bd67b3aa3e5302dfc80c4
